file_name,total_instructions,cpu_time,cpu_core_instructions,cpu_core_cycles,core_IPC,cpu_core_cache_references,cpu_core_cache_misses,core_Cache_miss_rate,cpu_core_L1_dcache_load_misses,core_L1_miss_rate,cpu_core_LLC_load_misses,core_LLC_miss_rate,cpu_atom_instructions,cpu_atom_cycles,atom_IPC,cpu_atom_cache_references,cpu_atom_cache_misses,atom_Cache_miss_rate,cpu_atom_L1_dcache_load_misses,atom_L1_miss_rate,cpu_atom_LLC_load_misses,atom_LLC_miss_rate,task_clock
recursive_perf.txt,190197211,0.023166699,164049448,48057773,3.4136,79547,21217,0.2667,36463,0.4584,2415,0.0304,26147763,33925039,0.7708,674955,117631,0.1743,0,0.0,0,0.0,21.93
native_perf.txt,91404044,0.018434574,57979079,38351469,1.5118,27127,10372,0.3823,10337,0.3811,564,0.0208,33424965,27775028,1.2034,333206,181820,0.5457,0,0.0,1133,0.0034,17.51
two_way_perf.txt,79154950,0.010851053,57912801,21866202,2.6485,36101,9074,0.2514,10159,0.2814,364,0.0101,21242149,15878522,1.3378,175172,56092,0.3202,0,0.0,0,0.0,10.01
eight_perf.txt,105808169,0.008005111,73903089,15230922,4.8522,63773,18536,0.2907,30255,0.4744,1058,0.0166,31905080,11172325,2.8557,55539,26981,0.4858,0,0.0,136,0.0024,7.01
inplace_perf.txt,131971262,0.013997811,109867687,28302645,3.8819,49319,16409,0.3327,530947,10.7656,871,0.0177,22103575,20519967,1.0772,243664,101914,0.4183,0,0.0,0,0.0,12.97
four_perf.txt,74621297,0.009291184,49677842,18160284,2.7355,49997,14894,0.2979,15132,0.3027,563,0.0113,24943455,13435640,1.8565,60474,26543,0.4389,0,0.0,69,0.0011,8.44
