Program,Instructions,CPU 时间 (s),Parallelism,CPI,L1miss,L2miss,L3miss,L1命中率,L2命中率,L3命中率
recursive,446674118,0.04905,9106505.9735,0.4044,572490,357077,872,0.2062,0.0024,0.9976
native,17214246,0.00872,1974110.7798,0.8819,0,20668,9,1.0,0.0004,0.9996
two_way,166738290,0.02127,7839129.7602,0.4729,1217332,86462,763,-4.3465,0.0087,0.9913
inplace,301038841,0.02559,11763925.0098,0.3207,1299101,95597,581,-3.774,0.006,0.994
